Filename,Label
c03-094f-03.png,"the editor, always comically abashed by"
c03-094f-05.png,"father-in-law, always comically grotesque;"
c03-094f-06.png,they were not asked to modulate from
c03-094f-07.png,their set moods but played with proper
c03-094f-09.png,with lavish and suitably gaudy colour.
c03-096a-02.png,"one feels, were driven to effective action by"
c03-096a-03.png,the author in spite of the ineffectuality
c03-096a-04.png,with which he had endowed them. One
c03-096a-05.png,hopes that he is not asking us to believe
c03-096a-06.png,"that, because of their odd accents, they"
c03-096b-02.png,"rest, one feels, were driven to effective action"
c03-096b-05.png,"that he is not asking us to believe that,"
c03-096b-07.png,like the queer foreigners of tradition.
c03-096c-01.png,"from appreciable motives. The rest, one feels, were"
c03-096c-02.png,driven to effective action by the author in spite
c03-096c-03.png,of the ineffectuality with which he had
c03-096c-04.png,endowed them. One hopes that he is not
c03-096c-05.png,"asking us to believe that, because of their odd"
c03-096d-00.png,"Only Mr. Lucas's actions, therefore, arose"
c03-096d-04.png,ineffectuality with which he had endowed
c03-096d-05.png,them. One hopes that he is not asking
c03-096d-07.png,"accents, they act oddly like the queer"
c03-096e-07.png,queer foreigners of tradition.
c03-096f-00.png,"Only Mr. Lucas's actions, therefore, arose"
c03-096f-01.png,explicably from appreciable motives. The
c03-096f-03.png,action by the author in spite of the
c03-096f-06.png,"to believe that, because of their odd"
c03-096f-07.png,"accents, they act oddly like the queer"
c04-000-04.png,and leave the rest to him.&quot;
c04-013-06.png,title song.
c04-017-04.png,VERDICT: Vaughan should have by-passed this approach.
c04-017-05.png,RONALD Lewis has just left for his first taste of the
c04-035-03.png,"the river. The film starts off brightly enough but,"
c04-035-07.png,equally familiar hoops to mild laughter.
c04-039-07.png,performance as the master mind behind a
c04-044-01.png,worth of jewellery struck me as ingenious. The play
c04-050-00.png,Their offering last night differed little
c04-050-02.png,"or so ago. But the Mudlarks, with Jeff Mudd"
c04-050-03.png,out of the Army and back with sister Mary
c04-050-04.png,"and brother Fred, were in bright, zestful"
c04-056-01.png,comics bolted in and out of holes so often.
c04-056-02.png,The jokes were a reshuffle of the same old
c04-056-03.png,lot - this time Brian Rix lost his skirt instead
c04-056-04.png,of his trousers. The action moved at tremendous
c04-056-06.png,the cast. I especially liked the tea-cup
c04-066-08.png,"record, anyway."
c04-080-01.png,um-chink... it went. Slightly flat and jangly in
c04-080-02.png,part. DELIGHTFUL! He put the sound on tape. The
c04-080-03.png,tape went to the Philips company. Within two
c04-105-07.png,show business.
c04-128-05.png,"Harry Carroll from Leicester (B B C, 8.25). A"
c04-128-06.png,SONGS-OF-BRITAIN medley is sung by David
c04-134-06.png,"(B B C, 10.15)."
c04-144-06.png,essay on soldiering which stated that a fighting
c04-150-06.png,"what he was - Potter, a frightened boy who had a"
c04-150-07.png,vision.
c04-156-00.png,It was a splendid interpretation of the
c04-156-03.png,sympathetic C O. Paul Daneman gave another
c04-156-04.png,first-class performance last night as a
c04-160-02.png,believe in a beautiful ghost. It would have been
c04-160-03.png,an impossible piece of television but for clever
c04-160-06.png,effect. MORE than 100 viewers complained to
c04-160-07.png,"the B B C last night that an American film,"
c04-160-08.png,"&quot;Britain - Blood, Sweat, and Tears... Plus"
c06-000-06.png,and a brandy bottle.
c06-011-01.png,arrived two hours earlier by appointment
c06-011-02.png,to talk to the author of Borstal Boy and
c06-011-04.png,and who is now being pluckily convivial
c06-011-06.png,"has rung a couple of times, calls from"
c06-027-02.png,you're writing about anyway. &quot;Not that I did
c06-027-04.png,not with that great little Irish bar on
c06-027-06.png,"I was there, in even faster orbit, when that"
c06-031-07.png,much to recall.
c06-039-02.png,person.&quot; He was in a fight after telling a
c06-039-07.png,Canadians put up a mouse.&quot;
c06-052-00.png,What happened to the new book partially tape-recorded
c06-052-01.png,by his publishers in March of last year? Still a skeleton. Yet
c06-052-05.png,begins: &quot;There was a party to celebrate Deirdre's
c06-076-00.png,I AM happy to report that I saw some-
c06-076-06.png,"brilliant budge, I may add, gets no credit"
c06-080-04.png,"than-average glossy comedy, Hollywood-"
c06-080-07.png,sun-terrace of the Hotel Splendido (renamed
c06-083-06.png,after this annual idyll his major-domo (Walter Slezak
c06-083-08.png,hotel.
c06-087-00.png,#
c06-087-01.png,Inevitably there comes the time when Mr. Hudson suddenly breaks
c06-087-04.png,escorted tour. Result: Mr. Hudson and lady love Lollo find
c06-095-07.png,youngsters.
c06-100-00.png,"So all ends as you know it will, with the"
c06-103-02.png,but fun-films toting an X
c06-106-05.png,intelligent&quot; than the wife (as she
c06-111-03.png,time. I learned from it that in the Institutes of Advanced
c06-111-06.png,Home-making and is now known as Domestic
c06-111-07.png,Relations.
c06-128-00.png,ON a March evening in 1932 in the New
c06-128-01.png,Jersey family household the nursemaid
c06-128-02.png,tiptoed into the baby's room to see that
c06-128-03.png,20-month-old Charles Jun. was sleeping.
c06-128-06.png,She thrust out her hand - and felt
c06-138-03.png,"of the case itself, which"
c06-138-10.png,era.
d01-024-07.png,argument against them.
d01-024-08.png,Thomas Spreng
d01-049-08.png,text of the Gospel.
d01-080-00.png,"The bar was the commonest marking, but others"
d01-080-01.png,were also used. Dots sometimes served in place of the
d01-080-02.png,"bar, and there are cases where spacing is used as"
d01-080-06.png,"some markings would be used, although which, it is"
d01-085-00.png,Professor E. G. Turner is inclined to take the view that
d01-085-01.png,the original of the Gospel would be unmarked. The
d01-085-04.png,columns. This is the invariable practice of ancient
d01-085-05.png,manuscripts. A common size of column would hold
d01-098-07.png,reference.
d01-118-03.png,a roll or a codex. Rolls were prepared for
d01-118-06.png,"the roll, a sheet could easily be glued on."
d01-123-03.png,while one whole side of his roll was unused.
d01-123-04.png,The codex form was not so accommodating. Even
d01-123-05.png,"in the case of the single-sheet quire, an extra"
d01-123-07.png,"over the binding, or the whole codex rebound."
d03-117-02.png,supply. The pools are probably natural springs
d03-117-04.png,the rock. King Mesha of Moab boasts of their
d03-117-06.png,which read: And I built Baal-meon and made
d04-005-06.png,"the Paradise, the only place where the Shamir"
d04-012-10.png,word of God.
d04-021-07.png,tell!
d04-032-04.png,a deep impression on our feelings and senses.
d04-032-05.png,They make us the Altar for God to emit
d04-032-07.png,language. The Shamir is the &quot;seventh&quot; and
d04-037-02.png,"diligently unto my commandments, which I command"
d04-037-05.png,"your soul.&quot; This may seem very good, but there"
d04-047-08.png,individual&quot;.
d04-053-10.png,seeking self.
d04-066-00.png,And the sequence in the text is different than
d04-066-01.png,"in the first part of the Shmah, we have first &quot;and"
d04-066-02.png,"to bind them for a sign upon your hand, that"
d04-066-04.png,bind them to have the vision and then &quot;And 1ye
d04-066-06.png,"ne through the mill, we need not teach them"
d04-066-07.png,to the children any more diligently and the
d04-066-08.png,children will grasp now what will befall
d04-071-01.png,door posts of the house and upon the gates.
d04-071-02.png,"""That your days may be multiplied and the"
d04-071-04.png,"the Lord swear unto your father to give them,"
d04-071-05.png,"as days of HEAVEN ON EARTH"" That"
